City_ID,City,Country,Date,Lat,Lng,Max Temp,Humidity,Cloudiness,Wind Speed
0,Khatanga,RU,2021-01-18 20:36:53,71.9667,102.5,-32.28,81,0,14.05
1,Port Macquarie,AU,2021-01-18 20:36:53,-31.4333,152.9167,68.0,100,40,5.75
2,Bykovo,RU,2021-01-18 20:36:53,55.6361,38.0803,3.0,84,40,2.24
3,Saint George,US,2021-01-18 20:36:53,37.1041,-113.5841,61.0,19,1,4.61
4,Punta Arenas,CL,2021-01-18 20:32:07,-53.15,-70.9167,55.4,62,40,18.41
5,Ballina,AU,2021-01-18 20:36:54,-28.8667,153.5667,68.0,88,78,3.44
6,Upernavik,GL,2021-01-18 20:36:54,72.7868,-56.1549,12.78,91,57,7.87
7,Vaini,TO,2021-01-18 20:36:54,-21.2,-175.2,82.4,83,20,9.22
8,Kahului,US,2021-01-18 20:32:57,20.8947,-156.47,75.2,73,75,13.8
9,Merauke,ID,2021-01-18 20:36:55,-8.4667,140.3333,76.33,88,95,4.61
10,Sobolevo,RU,2021-01-18 20:36:55,54.4299,31.8996,-2.83,92,100,2.35
11,Gladstone,AU,2021-01-18 20:36:55,-23.85,151.25,75.2,73,100,3.44
12,Tete,MZ,2021-01-18 20:36:55,-16.1564,33.5867,77.0,94,75,4.61
13,Torbay,CA,2021-01-18 20:35:16,47.6666,-52.7314,39.99,87,90,10.36
14,Hobart,AU,2021-01-18 20:36:16,-42.8794,147.3294,53.01,53,90,23.02
15,Arraial Do Cabo,BR,2021-01-18 20:36:55,-22.9661,-42.0278,84.2,61,0,23.02
16,Ushuaia,AR,2021-01-18 20:33:25,-54.8,-68.3,51.8,66,75,14.97
17,New Norfolk,AU,2021-01-18 20:36:56,-42.7826,147.0587,53.01,61,44,1.01
18,Busselton,AU,2021-01-18 20:36:56,-33.65,115.3333,66.0,63,5,7.63
19,Katsuura,JP,2021-01-18 20:36:56,35.1333,140.3,46.4,49,20,24.16
20,Hermanus,ZA,2021-01-18 20:36:57,-34.4187,19.2345,68.0,80,0,1.01
21,Basco,PH,2021-01-18 20:36:57,20.4487,121.9702,69.93,81,100,31.45
22,Bengkulu,ID,2021-01-18 20:36:57,-3.8004,102.2655,73.49,86,75,4.94
23,Carnarvon,AU,2021-01-18 20:36:36,-24.8667,113.6333,80.6,94,43,8.05
24,Port-Gentil,GA,2021-01-18 20:36:58,-0.7193,8.7815,82.4,78,40,12.66
25,Butaritari,KI,2021-01-18 20:36:58,3.0707,172.7902,80.38,82,49,17.69
26,Dikson,RU,2021-01-18 20:36:58,73.5069,80.5464,-18.98,84,3,19.33
27,Chokurdakh,RU,2021-01-18 20:36:58,70.6333,147.9167,-33.09,85,0,0.58
28,Hithadhoo,MV,2021-01-18 20:36:58,-0.6,73.0833,80.35,65,0,3.8
29,Provideniya,RU,2021-01-18 20:36:59,64.3833,-173.3,-2.2,78,75,13.42
30,Trofors,NO,2021-01-18 20:36:59,65.5333,13.4063,3.2,85,0,2.3
31,Kanganpur,PK,2021-01-18 20:36:59,30.7663,74.1231,49.77,73,0,4.47
32,Barrow,US,2021-01-18 20:36:59,71.2906,-156.7887,-2.2,78,90,19.57
33,Bluff,NZ,2021-01-18 20:36:59,-46.6,168.3333,51.01,92,100,1.99
34,Bambous Virieux,MU,2021-01-18 20:36:59,-20.3428,57.7575,80.01,100,75,9.22
35,Albany,US,2021-01-18 20:34:58,42.6001,-73.9662,37.0,68,100,1.99
36,Saint-Philippe,RE,2021-01-18 20:37:00,-21.3585,55.7679,80.6,83,0,3.44
37,Kodiak,US,2021-01-18 20:32:10,57.79,-152.4072,41.0,93,90,6.91
38,Yellowknife,CA,2021-01-18 20:35:01,62.456,-114.3525,5.0,85,90,3.44
39,Santa Maria,BR,2021-01-18 20:37:01,-29.6842,-53.8069,80.6,50,40,6.91
40,Parana,AR,2021-01-18 20:36:10,-31.732,-60.5238,91.99,22,0,2.98
41,Asasa,ET,2021-01-18 20:36:07,7.1,39.2,51.93,47,10,2.51
42,Bayan,CN,2021-01-18 20:37:02,46.0833,127.4,-22.95,84,0,4.99
43,Bethel,US,2021-01-18 20:37:02,41.3712,-73.414,41.0,52,90,11.5
44,Faanui,PF,2021-01-18 20:37:02,-16.4833,-151.75,80.85,76,6,16.31
45,Puerto Escondido,MX,2021-01-18 20:37:02,15.85,-97.0667,82.4,74,20,8.05
46,Saint-Pierre,RE,2021-01-18 20:37:03,-21.3393,55.4781,80.6,83,0,3.44
47,Te Anau,NZ,2021-01-18 20:37:03,-45.4167,167.7167,48.4,87,100,7.63
48,Isangel,VU,2021-01-18 20:37:03,-19.55,169.2667,86.0,79,75,3.29
49,Mega,ET,2021-01-18 20:37:03,4.05,38.3,64.98,27,100,14.27
50,Karasjok,NO,2021-01-18 20:37:03,69.4719,25.5112,23.0,93,40,2.3
51,Dolores,AR,2021-01-18 20:37:03,-36.3132,-57.6792,83.66,31,0,8.86
52,Nome,US,2021-01-18 20:37:04,64.5011,-165.4064,10.4,72,90,9.22
53,Rikitea,PF,2021-01-18 20:37:04,-23.1203,-134.9692,78.64,74,16,13.98
54,Port Blair,IN,2021-01-18 20:37:04,11.6667,92.75,79.07,74,22,11.68
55,Ondjiva,AO,2021-01-18 20:37:04,-17.0667,15.7333,70.83,69,100,6.13
56,Puerto Ayora,EC,2021-01-18 20:37:04,-0.7393,-90.3518,80.01,94,75,10.36
57,Flin Flon,CA,2021-01-18 20:37:04,54.7682,-101.865,-5.8,77,90,4.61
58,Svetlogorsk,BY,2021-01-18 20:37:05,52.6333,29.7333,-2.42,92,96,4.7
59,Shumikha,RU,2021-01-18 20:37:05,55.2261,63.2961,-7.42,87,67,5.12
60,Georgetown,MY,2021-01-18 20:37:05,5.4112,100.3354,78.8,83,20,6.46
61,Geraldton,AU,2021-01-18 20:37:05,-28.7667,114.6,77.0,65,40,3.44
62,Tasiilaq,GL,2021-01-18 20:37:05,65.6145,-37.6368,19.4,53,36,4.61
63,Nikolskoye,RU,2021-01-18 20:37:06,59.7035,30.7861,19.4,93,0,4.47
64,Atuona,PF,2021-01-18 20:37:06,-9.8,-139.0333,78.39,78,36,17.16
65,Mataura,NZ,2021-01-18 20:37:06,-46.1927,168.8643,51.01,92,95,1.99
66,Elhovo,BG,2021-01-18 20:37:06,42.1667,26.5667,26.01,80,1,4.61
67,Half Moon Bay,US,2021-01-18 20:36:59,37.4636,-122.4286,73.4,16,1,10.36
68,Heihe,CN,2021-01-18 20:37:07,50.2441,127.4902,-20.2,57,0,4.47
69,Thompson,CA,2021-01-18 20:37:07,55.7435,-97.8558,-5.8,77,90,2.15
70,Araouane,ML,2021-01-18 20:37:07,18.9048,-3.5265,66.36,22,33,9.15
71,Byron Bay,AU,2021-01-18 20:37:07,-28.65,153.6167,68.0,88,92,3.44
72,Vanavara,RU,2021-01-18 20:37:07,60.34,102.2797,-15.43,89,100,6.76
73,Casino,AU,2021-01-18 20:37:07,-28.8667,153.05,68.0,94,100,6.91
74,Kapaa,US,2021-01-18 20:37:08,22.0752,-159.319,69.8,73,90,25.32
75,Cayenne,GF,2021-01-18 20:37:08,4.9333,-52.3333,82.4,74,75,13.8
76,Guerrero Negro,MX,2021-01-18 20:37:08,27.9769,-114.0611,77.14,19,0,4.32
77,Port Alfred,ZA,2021-01-18 20:37:08,-33.5906,26.891,69.01,90,29,5.01
78,Paamiut,GL,2021-01-18 20:37:08,61.994,-49.6678,28.38,85,100,5.86
79,Dakar,SN,2021-01-18 20:32:47,14.6937,-17.4441,66.2,82,100,11.5
80,Tuktoyaktuk,CA,2021-01-18 20:37:09,69.4541,-133.0374,-5.8,84,20,10.36
81,Domanivka,UA,2021-01-18 20:37:09,47.6319,30.9885,10.51,92,98,5.75
82,Biltine,TD,2021-01-18 20:37:09,14.5333,20.9167,68.54,23,0,15.48
83,Kruisfontein,ZA,2021-01-18 20:37:09,-34.0033,24.7314,69.01,79,0,4.0
84,Torrijos,ES,2021-01-18 20:37:09,39.9819,-4.2835,37.99,75,0,6.04
85,Hilo,US,2021-01-18 20:32:57,19.7297,-155.09,78.8,57,75,5.75
86,East London,ZA,2021-01-18 20:37:10,-33.0153,27.9116,70.32,78,55,20.78
87,Ongandjera,NA,2021-01-18 20:37:10,-17.8833,15.0667,79.43,53,100,3.44
88,Ponta Do Sol,PT,2021-01-18 20:37:10,32.6667,-17.1,55.99,64,76,1.99
89,Mabaruma,GY,2021-01-18 20:37:10,8.2,-59.7833,79.41,78,100,5.91
90,Powassan,CA,2021-01-18 20:37:11,46.0334,-79.3496,12.0,72,75,3.44
91,Meulaboh,ID,2021-01-18 20:37:11,4.1363,96.1285,76.55,83,35,4.32
92,Walvis Bay,NA,2021-01-18 20:37:11,-22.9575,14.5053,68.0,77,9,13.8
93,Sitka,US,2021-01-18 20:37:11,57.0531,-135.33,44.6,76,90,20.71
94,Lebedinyy,RU,2021-01-18 20:37:11,58.5167,125.5167,-34.53,74,18,4.94
95,Zaranj,AF,2021-01-18 20:37:11,30.9667,61.8833,46.4,36,0,6.91
96,Castro,BR,2021-01-18 20:37:12,-24.7911,-50.0119,67.82,96,100,3.49
97,Jamestown,US,2021-01-18 20:36:38,42.097,-79.2353,30.99,93,90,12.66
98,Padang,ID,2021-01-18 20:37:12,-0.9492,100.3543,73.4,94,40,2.3
99,Hobyo,SO,2021-01-18 20:37:12,5.3505,48.5268,76.78,72,92,17.83
100,Ambilobe,MG,2021-01-18 20:37:12,-13.2,49.05,76.78,92,100,5.03
101,Fortuna,US,2021-01-18 20:37:12,40.5982,-124.1573,59.0,71,1,6.91
102,Quesnel,CA,2021-01-18 20:37:13,52.9999,-122.5029,32.0,86,20,2.04
103,Ayan,RU,2021-01-18 20:37:13,56.45,138.1667,-27.85,72,0,11.27
104,Portland,US,2021-01-18 20:37:13,45.5234,-122.6762,48.99,71,20,4.61
105,Pingliang,CN,2021-01-18 20:37:13,35.5392,106.6861,27.0,85,0,2.28
106,Shakawe,BW,2021-01-18 20:37:13,-18.3667,21.85,70.63,89,100,3.53
107,La Ronge,CA,2021-01-18 20:37:14,55.1001,-105.2842,5.0,85,98,3.44
108,Avarua,CK,2021-01-18 20:37:14,-21.2078,-159.775,86.0,74,40,10.36
109,San Cristobal,VE,2021-01-18 20:37:14,7.7669,-72.225,82.4,65,40,13.8
110,Vestmannaeyjar,IS,2021-01-18 20:37:14,63.4427,-20.2734,35.67,82,14,28.72
111,Verkhnyaya Inta,RU,2021-01-18 20:37:14,65.9811,60.3094,-22.02,86,100,11.59
112,Tongzi,CN,2021-01-18 20:37:15,28.7829,105.0877,41.02,79,0,1.92
113,Tilichiki,RU,2021-01-18 20:37:15,60.4667,166.1,-22.95,85,86,16.55
114,Bredasdorp,ZA,2021-01-18 20:37:16,-34.5322,20.0403,68.0,77,11,9.22
115,Brae,GB,2021-01-18 20:37:17,60.3964,-1.353,42.8,75,75,24.16
116,Preobrazheniye,RU,2021-01-18 20:37:17,42.9019,133.9064,-4.54,78,0,12.33
117,Mlandizi,TZ,2021-01-18 20:37:17,-6.7,38.7333,80.6,83,40,17.27
118,Luba,GQ,2021-01-18 20:37:17,3.4568,8.5547,82.4,100,20,8.05
119,Lebu,CL,2021-01-18 20:37:18,-37.6167,-73.65,62.71,76,0,23.78
120,Moerai,PF,2021-01-18 20:37:18,-22.4333,-151.3333,80.44,75,100,11.97
121,Sisimiut,GL,2021-01-18 20:37:18,66.9395,-53.6735,19.35,83,100,10.56
122,Qasigiannguit,GL,2021-01-18 20:37:18,68.8193,-51.1922,14.0,52,40,4.61
123,Quelimane,MZ,2021-01-18 20:37:19,-17.8786,36.8883,82.4,83,20,2.3
124,Skibbereen,IE,2021-01-18 20:37:19,51.55,-9.2667,48.2,100,75,13.8
125,Sorland,NO,2021-01-18 20:37:20,67.667,12.6934,21.2,93,20,2.3
126,Broome,US,2021-01-18 20:37:20,42.2506,-75.833,34.0,74,90,12.66
127,Sikonge,TZ,2021-01-18 20:37:20,-5.6333,32.7667,68.0,83,20,0.29
128,Cape Town,ZA,2021-01-18 20:36:16,-33.9258,18.4232,69.01,77,0,13.8
129,Vila Velha,BR,2021-01-18 20:37:21,-20.3297,-40.2925,84.2,61,0,13.8
130,Bonthe,SL,2021-01-18 20:37:21,7.5264,-12.505,78.64,83,68,7.81
131,Airai,TL,2021-01-18 20:37:21,-8.9266,125.4092,60.51,100,100,1.57
132,Kaitangata,NZ,2021-01-18 20:37:21,-46.2817,169.8464,55.99,72,100,4.0
133,Raychikhinsk,RU,2021-01-18 20:37:21,49.7838,129.4121,-28.43,81,0,5.12
134,La Union,PE,2021-01-18 20:37:21,-5.4,-80.75,81.46,51,96,12.41
135,Roanoke,US,2021-01-18 20:36:43,37.271,-79.9414,39.2,48,75,13.8
136,Puerto Santander,CO,2021-01-18 20:37:22,8.3636,-72.4063,82.4,65,40,13.8
137,Great Falls,US,2021-01-18 20:32:36,47.5002,-111.3008,39.99,52,90,16.11
138,Pyay,MM,2021-01-18 20:37:22,18.8167,95.2167,65.37,74,4,2.3
139,Saskylakh,RU,2021-01-18 20:37:22,71.9167,114.0833,-33.77,82,100,4.68
140,Kargasok,RU,2021-01-18 20:37:23,59.0556,80.8572,-14.26,88,95,9.08
141,Namibe,AO,2021-01-18 20:37:23,-15.1961,12.1522,73.18,74,89,10.58
142,Cidreira,BR,2021-01-18 20:37:23,-30.1811,-50.2056,73.51,70,10,11.72
143,Clyde River,CA,2021-01-18 20:37:23,70.4692,-68.5914,-0.4,78,75,4.61
144,Tual,ID,2021-01-18 20:37:23,-5.6667,132.75,83.1,77,100,19.04
145,Kodinsk,RU,2021-01-18 20:37:24,58.6881,99.1844,4.26,93,100,4.05
146,Beckley,US,2021-01-18 20:37:24,37.7782,-81.1882,30.0,69,90,11.5
147,Malanje,AO,2021-01-18 20:37:24,-9.5402,16.341,64.63,85,100,3.53
148,Cabo San Lucas,MX,2021-01-18 20:34:09,22.8909,-109.9124,78.01,46,20,8.05
149,Ulverstone,AU,2021-01-18 20:37:24,-41.15,146.1667,48.99,63,83,1.99
150,Ribeira Grande,PT,2021-01-18 20:37:24,38.5167,-28.7,62.6,88,40,21.85
151,Mocuba,MZ,2021-01-18 20:37:25,-16.8392,36.9856,76.84,95,100,2.8
152,Mandalgovi,MN,2021-01-18 20:37:25,45.7625,106.2708,6.57,87,96,3.29
153,Mar Del Plata,AR,2021-01-18 20:34:51,-38.0023,-57.5575,87.8,33,0,18.41
154,Beringovskiy,RU,2021-01-18 20:37:25,63.05,179.3167,-19.61,86,40,12.55
155,San Onofre,CO,2021-01-18 20:33:05,9.7359,-75.5263,83.57,69,65,13.91
156,Ilulissat,GL,2021-01-18 20:37:25,69.2167,-51.1,14.0,52,40,4.61
157,Thinadhoo,MV,2021-01-18 20:37:26,0.5333,72.9333,80.55,62,0,2.01
158,Savannah Bight,HN,2021-01-18 20:37:26,16.45,-85.85,81.0,94,90,6.91
159,Port Lincoln,AU,2021-01-18 20:37:26,-34.7333,135.8667,59.52,82,48,12.91
160,Souillac,MU,2021-01-18 20:37:26,-20.5167,57.5167,78.8,100,75,9.22
161,Pevek,RU,2021-01-18 20:37:26,69.7008,170.3133,-30.5,86,85,5.88
162,Chifeng,CN,2021-01-18 20:37:27,42.2683,118.9636,-11.47,83,18,2.13
163,Victoria,HK,2021-01-18 20:37:27,22.2855,114.1577,57.0,75,74,1.99
164,Bubaque,GW,2021-01-18 20:37:27,11.2833,-15.8333,79.81,60,2,8.68
165,Norman Wells,CA,2021-01-18 20:37:27,65.282,-126.8329,-2.2,84,20,5.75
166,Tezu,IN,2021-01-18 20:37:27,27.9167,96.1667,60.55,74,99,4.52
167,Mecca,SA,2021-01-18 20:32:52,21.4267,39.8261,67.48,47,0,8.19
168,Bilibino,RU,2021-01-18 20:37:28,68.0546,166.4372,-31.11,78,64,0.92
169,Impfondo,CG,2021-01-18 20:37:28,1.6381,18.0667,75.31,72,52,2.98
170,Maketu,NZ,2021-01-18 20:37:28,-37.7667,176.45,64.99,88,10,3.0
171,Vao,NC,2021-01-18 20:37:28,-22.6667,167.4833,78.17,89,89,13.0
172,Pitimbu,BR,2021-01-18 20:37:28,-7.4706,-34.8086,82.4,69,40,12.66
173,Ornskoldsvik,SE,2021-01-18 20:37:29,63.2909,18.7153,-2.2,92,90,4.61
174,Chapais,CA,2021-01-18 20:37:29,49.7834,-74.8492,3.2,72,1,12.66
175,Hoima,UG,2021-01-18 20:36:02,1.4356,31.3436,75.83,46,98,1.5
176,Santa Rosa,PH,2021-01-18 20:32:54,14.3122,121.1114,78.8,78,75,2.3
177,Caernarfon,GB,2021-01-18 20:37:29,53.1413,-4.2702,48.2,93,90,10.36
178,Yulara,AU,2021-01-18 20:37:29,-25.2406,130.9889,69.8,28,38,6.91
179,Vanimo,PG,2021-01-18 20:37:30,-2.6741,141.3028,77.25,83,99,3.87
180,Qaanaaq,GL,2021-01-18 20:37:30,77.484,-69.3632,3.99,84,100,6.49
181,Codrington,AU,2021-01-18 20:37:30,-38.2667,141.9667,55.99,68,58,10.63
182,Humaita,BR,2021-01-18 20:37:31,-7.5061,-63.0208,74.84,97,100,2.28
183,Kovdor,RU,2021-01-18 20:37:31,67.5662,30.4758,6.04,94,99,3.67
184,Los Llanos De Aridane,ES,2021-01-18 20:37:31,28.6585,-17.9182,64.4,68,75,4.61
185,Haverfordwest,GB,2021-01-18 20:37:31,51.8017,-4.9691,48.2,100,90,24.16
186,Shimoda,JP,2021-01-18 20:37:31,34.6667,138.95,34.0,69,0,1.99
187,Kavaratti,IN,2021-01-18 20:37:32,10.5669,72.642,81.19,72,0,3.24
188,Altar,MX,2021-01-18 20:37:32,30.7,-111.8167,77.0,15,0,5.01
189,Poum,NC,2021-01-18 20:37:32,-20.2333,164.0167,82.08,83,99,14.61
190,Gulu,UG,2021-01-18 20:37:32,2.7746,32.299,75.2,45,98,3.98
191,Mount Gambier,AU,2021-01-18 20:37:32,-37.8333,140.7667,55.4,76,90,8.05
192,Axim,GH,2021-01-18 20:33:01,4.8699,-2.2405,79.23,84,34,9.01
193,Hay River,CA,2021-01-18 20:37:32,60.8156,-115.7999,8.6,85,92,2.66
194,Yukhnov,RU,2021-01-18 20:37:33,54.7444,35.2297,-0.06,93,100,1.14
195,Carauari,BR,2021-01-18 20:37:33,-4.8828,-66.8958,88.72,59,72,3.18
196,Isugod,PH,2021-01-18 20:37:33,9.3408,118.1196,77.79,77,99,5.3
197,Beian,NO,2021-01-18 20:37:33,63.6559,9.5683,30.2,86,0,16.11
198,Yambio,SS,2021-01-18 20:37:33,4.5721,28.3955,75.04,29,38,2.84
199,Mahajanga,MG,2021-01-18 20:37:33,-15.7167,46.3167,78.8,89,20,3.44
200,Leningradskiy,RU,2021-01-18 20:37:34,69.3833,178.4167,-24.99,83,97,8.7
201,Cervo,ES,2021-01-18 20:37:34,43.6702,-7.4101,36.0,99,0,1.01
202,Ahipara,NZ,2021-01-18 20:37:34,-35.1667,173.1667,70.14,68,17,11.48
203,Dunedin,NZ,2021-01-18 20:37:34,-45.8742,170.5036,57.99,80,50,3.0
204,Saldanha,ZA,2021-01-18 20:37:34,-33.0117,17.9442,64.4,82,0,11.5
205,Tura,IN,2021-01-18 20:37:34,25.5198,90.2201,58.87,63,0,2.3
206,Batagay,RU,2021-01-18 20:37:35,67.6333,134.6333,-43.6,77,100,0.54
207,Atambua,ID,2021-01-18 20:37:35,-9.1061,124.8925,73.89,90,100,2.62
208,Nueva Helvecia,UY,2021-01-18 20:37:35,-34.3,-57.2333,84.0,26,0,6.24
209,Aswan,EG,2021-01-18 20:37:35,24.0934,32.907,54.99,39,0,8.9
210,Itacoatiara,BR,2021-01-18 20:37:35,-3.1431,-58.4442,82.17,88,94,0.58
211,Muros,ES,2021-01-18 20:37:35,42.7762,-9.0603,48.0,94,0,5.61
212,Yanliang,CN,2021-01-18 20:37:36,34.6592,109.2292,35.01,73,0,2.24
213,Gewane,ET,2021-01-18 20:37:36,10.1664,40.6453,74.64,34,10,5.53
214,Mucurici,BR,2021-01-18 20:37:36,-18.0933,-40.5158,76.12,76,96,9.13
215,Salinas,US,2021-01-18 20:34:03,36.6777,-121.6555,75.2,19,1,13.8
216,Nikolayevka,RU,2021-01-18 20:37:36,53.1257,47.2041,-0.76,92,100,3.94
217,Luganville,VU,2021-01-18 20:37:36,-15.5333,167.1667,84.2,73,89,4.32
218,Tanda,IN,2021-01-18 20:37:37,26.55,82.65,55.96,76,0,3.53
219,Cherskiy,RU,2021-01-18 20:37:37,68.75,161.3,-43.2,79,51,3.44
220,Chadiza,ZM,2021-01-18 20:37:37,-14.0678,32.4392,69.28,93,100,2.01
221,Barcelos,PT,2021-01-18 20:33:56,41.5388,-8.6151,48.0,100,0,3.44
222,Alice Springs,AU,2021-01-18 20:37:37,-23.7,133.8833,60.8,41,0,8.21
223,Imeni Poliny Osipenko,RU,2021-01-18 20:37:37,52.4201,136.4853,-26.36,86,74,3.62
224,Kushima,JP,2021-01-18 20:37:38,31.4583,131.2333,46.4,49,20,11.5
225,Sungaipenuh,ID,2021-01-18 20:37:38,-2.0833,101.3833,60.84,90,98,4.14
226,Olafsvik,IS,2021-01-18 20:37:38,64.8945,-23.7142,32.7,88,3,13.47
227,Svetlyy,RU,2021-01-18 20:37:38,54.675,20.1347,19.4,73,75,8.95
228,Rawson,AR,2021-01-18 20:37:38,-43.3002,-65.1023,70.43,51,0,14.45
229,Port Elizabeth,ZA,2021-01-18 20:36:27,-33.918,25.5701,68.0,88,40,13.8
230,Tiksi,RU,2021-01-18 20:37:39,71.6872,128.8694,-30.44,85,100,4.97
231,Avera,US,2021-01-18 20:37:39,33.194,-82.5271,57.2,26,1,13.8
232,Alofi,NU,2021-01-18 20:37:39,-19.0595,-169.9187,84.2,79,40,8.05
233,Katangli,RU,2021-01-18 20:37:39,51.7102,143.2326,-21.19,86,0,7.7
234,Mahebourg,MU,2021-01-18 20:37:39,-20.4081,57.7,78.8,100,75,9.22
235,Borgarnes,IS,2021-01-18 20:37:40,64.5383,-21.9206,33.8,75,20,13.8
236,Ginda,IN,2021-01-18 20:37:40,30.6945,78.4932,41.83,49,0,5.66
237,Yerbogachen,RU,2021-01-18 20:37:40,61.2767,108.0108,-24.88,85,100,8.39
238,Dicabisagan,PH,2021-01-18 20:37:40,17.0818,122.4157,74.59,85,100,12.93
239,Inhambane,MZ,2021-01-18 20:37:40,-23.865,35.3833,75.2,94,75,17.27
240,Port Hardy,CA,2021-01-18 20:37:40,50.6996,-127.4199,42.8,93,90,3.44
241,Carnot,CF,2021-01-18 20:37:41,4.9409,15.8665,75.22,22,30,4.23
242,Chimbote,PE,2021-01-18 20:34:25,-9.0853,-78.5783,74.88,70,100,10.33
243,Chuy,UY,2021-01-18 20:37:41,-33.6971,-53.4616,69.84,60,0,11.1
244,Tahta,EG,2021-01-18 20:37:42,26.7693,31.5021,53.6,47,0,4.61
245,Veshenskaya,RU,2021-01-18 20:37:42,49.6303,41.7334,4.75,94,96,1.92
246,Fuyu,CN,2021-01-18 20:37:42,45.1833,124.8167,-19.59,81,0,7.2
247,Kununurra,AU,2021-01-18 20:36:12,-15.7667,128.7333,84.2,61,100,9.22
248,Gijon,ES,2021-01-18 20:37:42,43.5357,-5.6615,48.99,88,1,4.88
249,Misratah,LY,2021-01-18 20:35:08,32.3754,15.0925,57.7,69,0,19.15
250,Tabursuq,TN,2021-01-18 20:37:42,36.4569,9.2475,44.6,81,40,4.61
251,Forbes,AU,2021-01-18 20:37:43,-33.3833,148.0167,66.0,55,0,1.01
252,Camacha,PT,2021-01-18 20:37:43,33.0833,-16.3333,55.4,71,0,3.44
253,Yaan,NG,2021-01-18 20:37:43,7.3833,8.5667,82.24,17,51,3.09
254,Aklavik,CA,2021-01-18 20:37:43,68.2191,-135.0107,-2.2,78,82,3.44
255,Tahe,CN,2021-01-18 20:37:43,52.3333,124.7333,-23.78,79,3,3.44
256,Astoria,US,2021-01-18 20:37:43,46.1879,-123.8313,48.99,87,1,4.61
257,Port Hedland,AU,2021-01-18 20:37:44,-20.3167,118.5667,87.8,48,90,6.91
258,Hasaki,JP,2021-01-18 20:37:44,35.7333,140.8333,36.0,80,20,2.3
259,Natal,BR,2021-01-18 20:36:59,-5.795,-35.2094,82.4,65,40,13.8
260,Saint-Augustin,CA,2021-01-18 20:37:44,51.226,-58.6502,30.36,98,100,15.57
261,Berdigestyakh,RU,2021-01-18 20:37:44,62.0989,126.6992,-51.25,76,51,3.29
262,Mayumba,GA,2021-01-18 20:37:44,-3.432,10.6554,78.8,82,100,5.19
263,Coquimbo,CL,2021-01-18 20:34:10,-29.9533,-71.3436,66.2,68,20,12.66
264,Oranjestad,AW,2021-01-18 20:37:44,12.524,-70.027,78.8,83,40,10.36
265,Suntar,RU,2021-01-18 20:37:45,62.1444,117.6319,-37.95,81,100,3.94
266,Rajula,IN,2021-01-18 20:37:45,21.05,71.4333,67.51,40,0,9.55
267,Massakory,TD,2021-01-18 20:37:45,12.996,15.7293,71.06,21,52,14.27
268,Yar-Sale,RU,2021-01-18 20:37:45,66.8333,70.8333,-16.31,87,100,17.29
269,Tuatapere,NZ,2021-01-18 20:37:46,-46.1333,167.6833,51.01,92,100,1.99
270,Manokwari,ID,2021-01-18 20:37:46,-0.8667,134.0833,78.98,73,100,2.59
271,Awjilah,LY,2021-01-18 20:37:46,29.1081,21.2869,51.42,48,15,8.43
272,Marawi,PH,2021-01-18 20:37:46,7.9986,124.2928,75.0,93,100,4.0
273,Dingle,PH,2021-01-18 20:37:46,10.9995,122.6711,73.06,94,100,10.02
274,Nanortalik,GL,2021-01-18 20:37:46,60.1432,-45.2371,27.95,84,100,6.26
275,Nuuk,GL,2021-01-18 20:37:47,64.1835,-51.7216,26.6,54,20,3.44
276,Saint-Leu,RE,2021-01-18 20:37:47,-21.15,55.2833,80.6,83,0,3.44
277,Bibiani,GH,2021-01-18 20:37:47,6.4635,-2.3194,76.37,78,5,2.8
278,Koumac,NC,2021-01-18 20:37:47,-20.5667,164.2833,82.58,74,98,3.8
279,Collie,AU,2021-01-18 20:37:47,-33.3667,116.15,64.99,59,43,4.65
280,Cutro,IT,2021-01-18 20:37:48,39.0353,16.9819,37.4,65,1,5.75
281,Dawson Creek,CA,2021-01-18 20:37:48,55.7666,-120.2362,39.2,41,1,14.97
282,Muisne,EC,2021-01-18 20:37:48,0.6,-80.0333,82.4,83,75,9.22
283,Atar,MR,2021-01-18 20:37:48,20.5169,-13.0499,63.52,24,100,12.75
284,Khani,GE,2021-01-18 20:37:48,41.9563,42.9566,37.4,93,90,6.91
285,Daru,PG,2021-01-18 20:37:49,-9.0763,143.2092,80.08,83,100,1.92
286,Coihaique,CL,2021-01-18 20:37:49,-45.5752,-72.0662,60.8,77,75,8.05
287,Samarai,PG,2021-01-18 20:37:49,-10.6167,150.6667,84.83,77,94,10.98
288,Marienburg,PL,2021-01-18 20:37:49,54.0359,19.0266,10.0,92,99,3.44
289,Anloga,GH,2021-01-18 20:37:49,5.7947,0.8973,82.4,83,20,8.05
290,Vostok,RU,2021-01-18 20:37:50,46.4856,135.8833,-18.09,89,100,4.32
291,Huancabamba,PE,2021-01-18 20:37:50,-5.2386,-79.4506,62.62,82,100,2.75
292,Guane,CU,2021-01-18 20:34:21,22.2025,-84.0875,76.95,56,55,6.46
293,Tocopilla,CL,2021-01-18 20:37:50,-22.092,-70.1979,73.08,44,3,4.18
294,Parangan,PH,2021-01-18 20:37:50,5.0839,119.9383,79.45,85,100,9.08
295,San Cristobal Verapaz,GT,2021-01-18 20:37:50,15.3833,-90.4,66.2,88,75,11.5
296,Taltal,CL,2021-01-18 20:37:51,-25.4,-70.4833,70.54,61,22,6.69
297,Murray,US,2021-01-18 20:36:40,40.6669,-111.888,39.0,70,1,19.57
298,Nagar Karnul,IN,2021-01-18 20:37:51,16.4821,78.3247,64.4,83,0,1.01
299,Alugan,PH,2021-01-18 20:37:51,12.2188,125.4808,77.07,91,100,18.41
300,Chenzhou,CN,2021-01-18 20:37:51,25.8,113.0333,41.14,63,0,2.68
301,North Platte,US,2021-01-18 20:36:01,41.1239,-100.7654,48.2,40,40,20.71
302,Hailar,CN,2021-01-18 20:37:52,49.2,119.7,-16.62,86,95,4.59
303,Yumen,CN,2021-01-18 20:37:52,40.2833,97.2,15.44,77,0,22.12
304,Klaksvik,FO,2021-01-18 20:37:52,62.2266,-6.589,33.8,100,83,10.67
305,De Aar,ZA,2021-01-18 20:37:52,-30.6497,24.0123,81.5,17,0,9.82
306,Ryotsu,JP,2021-01-18 20:33:08,38.0833,138.4333,30.33,92,93,33.64
307,Hibbing,US,2021-01-18 20:33:16,47.4272,-92.9377,14.0,72,90,9.22
308,Yarada,IN,2021-01-18 20:37:53,17.65,83.2667,68.0,100,20,2.3
309,Bilma,NE,2021-01-18 20:37:53,18.6853,12.9164,64.13,27,67,10.16
310,Yoichi,JP,2021-01-18 20:37:53,43.2039,140.7703,18.0,85,95,7.45
311,Ocampo,MX,2021-01-18 20:37:53,21.65,-101.5,68.32,23,0,10.58
312,Jiangkou,CN,2021-01-18 20:37:53,25.4872,119.1986,46.4,61,0,8.95
313,Hun,LY,2021-01-18 20:37:53,29.1268,15.9477,54.07,41,0,8.77
314,Pangody,RU,2021-01-18 20:37:53,65.85,74.4859,-16.96,88,100,9.22
315,Saint-Ambroise,CA,2021-01-18 20:37:54,48.5501,-71.3324,15.01,85,100,18.41
316,Brindisi,IT,2021-01-18 20:37:54,40.5833,17.6667,42.8,52,40,11.5
317,Christchurch,NZ,2021-01-18 20:37:54,-43.5333,172.6333,70.0,45,100,14.97
318,Yalvac,TR,2021-01-18 20:37:54,38.2956,31.1778,20.19,86,63,6.89
319,Wufeng,CN,2021-01-18 20:37:54,27.45,104.8333,31.39,95,0,4.34
320,Shenjiamen,CN,2021-01-18 20:37:54,29.9576,122.298,44.19,60,0,7.67
321,Ancud,CL,2021-01-18 20:37:55,-41.8697,-73.8203,71.6,64,20,9.22
322,Xining,CN,2021-01-18 20:37:55,36.6167,101.7667,17.46,58,0,3.09
323,Hailin,CN,2021-01-18 20:37:55,44.5833,129.4167,-24.11,81,13,3.8
324,Oxelosund,SE,2021-01-18 20:37:55,58.6706,17.1015,28.4,86,0,4.61
325,Alvorada,BR,2021-01-18 20:37:55,-12.48,-49.1247,80.42,76,100,0.56
326,Belaya Gora,RU,2021-01-18 20:37:55,68.5333,146.4167,-41.94,81,22,1.43
327,Kismayo,SO,2021-01-18 20:37:56,-0.3582,42.5454,77.58,80,70,13.42
328,Berlevag,NO,2021-01-18 20:37:56,70.8578,29.0864,32.0,80,75,18.41
329,Luderitz,NA,2021-01-18 20:37:56,-26.6481,15.1594,65.97,85,0,13.06
330,Shelburne,CA,2021-01-18 20:37:56,44.0787,-80.2041,28.4,74,90,4.61
331,Bathsheba,BB,2021-01-18 20:37:57,13.2167,-59.5167,82.4,65,40,20.71
332,Yakeshi,CN,2021-01-18 20:37:57,49.2833,120.7333,-26.73,80,67,2.59
333,Odweyne,SO,2021-01-18 20:37:57,9.4092,45.064,69.35,28,5,15.99
334,Sarkand,KZ,2021-01-18 20:37:57,45.41,79.9186,33.58,76,100,3.29
335,Vydrino,RU,2021-01-18 20:37:57,51.485,104.8461,24.24,81,65,7.54
336,Ridge,US,2021-01-18 20:37:03,40.894,-72.8959,45.0,45,75,12.66
337,Petropavlovsk-Kamchatskiy,RU,2021-01-18 20:37:58,53.0452,158.6483,23.0,50,100,17.9
338,Rocha,UY,2021-01-18 20:37:58,-34.4833,-54.3333,70.75,55,0,8.88
339,Jumla,NP,2021-01-18 20:37:58,29.2747,82.1838,33.98,79,4,2.55
340,Kisangani,CD,2021-01-18 20:37:58,0.5167,25.2,75.56,70,100,2.37
341,Ous,RU,2021-01-18 20:37:58,60.9058,61.5186,-14.66,86,0,4.38
342,Vardo,NO,2021-01-18 20:37:58,70.3705,31.1107,33.8,80,75,19.57
343,Severo-Kurilsk,RU,2021-01-18 20:37:59,50.6789,156.125,18.75,90,88,32.12
344,Grand Gaube,MU,2021-01-18 20:37:59,-20.0064,57.6608,80.01,88,100,5.99
345,Bitung,ID,2021-01-18 20:37:59,1.4451,125.1824,77.0,94,20,1.14
346,Tonantins,BR,2021-01-18 20:37:59,-2.8731,-67.8022,85.51,75,96,3.6
347,Banamba,ML,2021-01-18 20:38:00,13.55,-7.45,72.21,19,0,7.34
348,Fairlie,GB,2021-01-18 20:34:03,55.756,-4.8556,43.0,91,100,11.79
349,Salalah,OM,2021-01-18 20:33:11,17.0151,54.0924,68.0,45,0,6.91
350,Longyearbyen,SJ,2021-01-18 20:38:00,78.2186,15.6401,19.4,68,20,23.02
351,Baykit,RU,2021-01-18 20:38:02,61.67,96.37,-16.49,83,100,3.15
352,Otane,NZ,2021-01-18 20:38:02,-39.8833,176.6333,66.0,66,1,21.99
353,Matagami,CA,2021-01-18 20:38:02,49.7502,-77.6328,5.0,85,90,8.05
354,Bemidji,US,2021-01-18 20:38:02,47.4736,-94.8803,14.0,79,90,8.05
355,Inta,RU,2021-01-18 20:38:02,66.0317,60.1659,-22.5,86,100,12.19
356,Sheboygan,US,2021-01-18 20:38:02,43.7333,-87.9334,28.4,74,90,10.36
357,Narsaq,GL,2021-01-18 20:38:03,60.9167,-46.05,17.6,57,75,1.14
358,Salinopolis,BR,2021-01-18 20:38:03,-0.6136,-47.3561,81.88,75,92,10.42
359,Cimahi,ID,2021-01-18 20:38:03,-6.8722,107.5425,68.59,94,100,5.57
360,Ilhabela,BR,2021-01-18 20:38:03,-23.7781,-45.3581,79.97,81,100,0.56
361,Hokitika,NZ,2021-01-18 20:38:03,-42.7167,170.9667,60.53,85,100,21.12
362,San Patricio,US,2021-01-18 20:38:04,28.017,-97.5169,75.99,69,75,21.85
363,Kawalu,ID,2021-01-18 20:38:04,-7.3817,108.2082,72.88,88,89,3.22
364,Constitucion,CL,2021-01-18 20:38:04,-35.3333,-72.4167,69.42,51,0,9.24
365,Awbari,LY,2021-01-18 20:38:04,26.5921,12.7805,44.51,58,16,4.92
366,Antofagasta,CL,2021-01-18 20:37:08,-23.65,-70.4,71.6,64,20,14.97
367,Kayerkan,RU,2021-01-18 20:38:04,69.3497,87.7602,-14.78,88,100,4.54
368,Esperance,AU,2021-01-18 20:38:05,-33.8667,121.9,59.0,88,0,16.11
369,Maracaibo,VE,2021-01-18 20:38:05,10.6317,-71.6406,84.92,58,60,12.75
370,Pontianak,ID,2021-01-18 20:38:05,-0.0333,109.3333,71.6,100,40,1.14
371,Aljezur,PT,2021-01-18 20:38:05,37.3191,-8.8033,45.0,100,0,1.01
372,Rio Grande,BR,2021-01-18 20:38:06,-32.035,-52.0986,80.6,50,40,12.66
373,Kushiro,JP,2021-01-18 20:38:06,42.975,144.3747,20.91,96,100,18.88
374,Lagoa,PT,2021-01-18 20:38:06,39.05,-27.9833,61.66,84,100,26.51
375,Iquique,CL,2021-01-18 20:35:40,-20.2208,-70.1431,75.2,46,0,17.27
376,Kamaishi,JP,2021-01-18 20:38:07,39.2667,141.8833,30.6,92,98,17.25
377,Turkmenabat,TM,2021-01-18 20:38:07,39.0733,63.5786,42.8,75,0,4.61
378,Makakilo City,US,2021-01-18 20:38:07,21.3469,-158.0858,71.6,73,75,9.22
379,Coahuayana,MX,2021-01-18 20:38:07,18.7333,-103.6833,84.2,45,40,7.36
380,Rio Gallegos,AR,2021-01-18 20:34:43,-51.6226,-69.2181,69.8,30,75,16.11
381,Kloulklubed,PW,2021-01-18 20:38:08,7.0419,134.2556,81.72,73,100,3.53
382,Kitui,KE,2021-01-18 20:38:08,-1.367,38.0106,68.43,76,100,3.6
383,Reporoa,NZ,2021-01-18 20:33:27,-38.4333,176.35,66.99,90,27,3.0
384,Gimli,CA,2021-01-18 20:38:08,50.6336,-96.9907,-0.4,78,85,5.75
385,George Town,MY,2021-01-18 20:37:05,5.4112,100.3354,78.8,83,20,6.46
386,Goundam,ML,2021-01-18 20:38:09,16.4145,-3.6708,72.86,18,0,12.12
387,Pochutla,MX,2021-01-18 20:38:09,15.7432,-96.4661,86.0,58,1,8.05
388,Nemuro,JP,2021-01-18 20:38:09,43.3236,145.575,24.28,98,100,23.96
389,Polyarnyy,RU,2021-01-18 20:38:09,69.1989,33.4478,21.2,93,75,6.71
390,Keti Bandar,PK,2021-01-18 20:38:09,24.1447,67.4497,64.36,27,0,13.51
391,Raudeberg,NO,2021-01-18 20:38:10,61.9875,5.1352,39.0,81,100,15.64
392,Anklam,DE,2021-01-18 20:38:10,53.8564,13.6897,33.01,93,100,1.99
393,Dabhol,IN,2021-01-18 20:38:10,17.6,73.1667,75.09,67,0,5.39
394,Liverpool,GB,2021-01-18 20:37:45,53.4106,-2.9779,46.0,93,75,5.75
395,Hanzhong,CN,2021-01-18 20:38:10,33.0728,107.0303,34.2,83,0,0.45
396,Mezhdurechensk,RU,2021-01-18 20:38:10,53.6942,88.0603,8.78,93,63,4.34
397,Nueve De Julio,AR,2021-01-18 20:36:17,-35.4444,-60.8831,97.0,20,0,5.97
398,Shanhetun,CN,2021-01-18 20:38:11,44.7,127.2,-22.47,86,4,5.44
399,Knysna,ZA,2021-01-18 20:38:11,-34.0363,23.0471,62.6,88,0,5.75
400,Minna,NG,2021-01-18 20:38:11,9.6139,6.5569,79.9,17,26,4.45
401,Todos Santos,MX,2021-01-18 20:38:11,23.45,-110.2167,72.0,76,0,4.0
402,Bondoukou,CI,2021-01-18 20:38:12,8.0333,-2.8,79.81,17,0,0.63
403,Durango,MX,2021-01-18 20:37:29,24.8333,-104.8333,71.92,19,0,11.97
404,Kosa,RU,2021-01-18 20:38:13,59.9445,54.9977,-14.84,90,35,2.1
405,Arlit,NE,2021-01-18 20:38:13,18.7369,7.3853,65.73,24,0,11.23
406,Manyana,BW,2021-01-18 20:38:13,-23.4,21.7167,80.92,46,57,2.17
407,Harper,LR,2021-01-18 20:38:13,4.375,-7.7169,78.89,78,3,4.34
408,Mahibadhoo,MV,2021-01-18 20:38:14,3.7833,72.9667,81.72,75,32,8.66
409,Tessalit,ML,2021-01-18 20:38:14,20.1986,1.0114,66.76,23,11,11.59
410,Zhezkazgan,KZ,2021-01-18 20:38:14,47.8043,67.7144,14.49,94,100,7.85
411,Qandala,SO,2021-01-18 20:38:14,11.472,49.8728,74.46,58,94,5.48
412,Shuyskoye,RU,2021-01-18 20:38:14,59.3736,41.0305,4.6,94,96,3.53
413,Teodoro Sampaio,BR,2021-01-18 20:37:09,-22.5325,-52.1675,76.35,91,100,5.3
414,Maues,BR,2021-01-18 20:38:15,-3.3836,-57.7186,82.83,81,94,1.34
415,Malegaon,IN,2021-01-18 20:38:15,20.55,74.5333,75.34,43,0,4.83
416,Dosso,NE,2021-01-18 20:38:15,13.049,3.1937,73.33,20,1,8.93
417,Laguna,US,2021-01-18 20:38:15,38.421,-121.4238,71.6,15,1,23.02
418,Kavieng,PG,2021-01-18 20:38:16,-2.5744,150.7967,83.03,73,79,12.77
419,Cuamba,MZ,2021-01-18 20:38:16,-14.8031,36.5372,72.27,92,100,1.07
420,General Jose Eduvigis Diaz,PY,2021-01-18 20:38:16,-27.1667,-58.4167,87.01,30,0,14.97
421,Kilgore,US,2021-01-18 20:38:17,32.3863,-94.8758,64.99,32,90,9.22
422,Roma,US,2021-01-18 20:38:05,43.2128,-75.4557,30.0,74,90,9.22
423,Henties Bay,NA,2021-01-18 20:38:17,-22.116,14.2845,68.0,88,95,7.38
424,Baoying,CN,2021-01-18 20:38:17,33.2292,119.3092,39.99,99,0,8.48
425,Buribay,RU,2021-01-18 20:38:17,51.9617,58.1592,0.72,91,100,9.89
426,Kysyl-Syr,RU,2021-01-18 20:38:18,63.8986,122.7617,-52.11,76,57,5.32
427,Evensk,RU,2021-01-18 20:38:18,61.95,159.2333,-7.37,77,100,13.8
428,Shingu,JP,2021-01-18 20:38:18,33.7333,135.9833,35.46,80,1,9.93
429,Zambezi,ZM,2021-01-18 20:38:18,-13.5432,23.1047,68.14,93,100,4.29
430,Aitape,PG,2021-01-18 20:38:18,-3.1374,142.3475,77.67,81,81,4.27
431,Sars,RU,2021-01-18 20:38:19,56.5502,57.1366,-7.1,89,84,4.05
432,Sao Filipe,CV,2021-01-18 20:38:19,14.8961,-24.4956,73.9,66,100,8.12
433,Terney,RU,2021-01-18 20:38:19,45.0503,136.6092,-3.84,82,75,17.67
434,Kizhinga,RU,2021-01-18 20:38:19,51.8462,109.9097,-11.83,89,77,0.63
435,Manikganj,BD,2021-01-18 20:38:20,23.8553,90.0125,62.6,82,20,3.87
436,Turukhansk,RU,2021-01-18 20:38:20,65.8167,87.9833,-13.61,87,100,11.45
437,Bairiki,KI,2021-01-18 20:38:20,1.3292,172.9752,80.6,78,75,12.66
438,Saint-Francois,FR,2021-01-18 20:38:20,46.4154,3.9054,37.4,81,90,3.44
439,Masumbwe,TZ,2021-01-18 20:38:20,-3.6333,32.1833,64.56,88,99,1.48
440,Myitkyina,MM,2021-01-18 20:38:20,25.3833,97.4,61.81,63,61,1.66
441,Lorengau,PG,2021-01-18 20:38:21,-2.0226,147.2712,82.62,78,52,10.18
442,Sibolga,ID,2021-01-18 20:38:21,1.7427,98.7792,74.91,79,99,4.52
443,Newmarket,CA,2021-01-18 20:36:55,44.0501,-79.4663,34.0,80,81,6.91
444,Linxia,CN,2021-01-18 20:38:21,35.6003,103.2064,26.83,58,0,1.07
445,Verkhoyansk,RU,2021-01-18 20:38:21,67.5447,133.385,-40.13,77,100,1.19
446,Hammerfest,NO,2021-01-18 20:38:06,70.6634,23.6821,30.2,69,40,12.66
447,Dongsheng,CN,2021-01-18 20:38:22,39.8161,109.9776,18.73,67,0,8.99
448,Pokhara,NP,2021-01-18 20:38:22,28.2333,83.9833,57.09,47,97,1.43
449,Kalmunai,LK,2021-01-18 20:38:22,7.4167,81.8167,74.52,88,85,10.25
450,Katherine,AU,2021-01-18 20:38:22,-14.4667,132.2667,80.6,69,96,8.05
451,Amapa,BR,2021-01-18 20:38:22,1.0,-52.0,76.86,95,97,2.98
452,Auki,SB,2021-01-18 20:38:23,-8.7676,160.7034,80.87,80,100,4.61
453,Buala,SB,2021-01-18 20:38:23,-8.145,159.5921,82.51,77,100,6.89
454,Kralendijk,BQ,2021-01-18 20:38:23,12.15,-68.2667,82.4,74,40,18.41
455,Cascais,PT,2021-01-18 20:38:23,38.6979,-9.4215,51.01,73,0,3.04
456,Springbok,ZA,2021-01-18 20:38:23,-29.6643,17.8865,63.52,67,0,4.94
457,Biak,ID,2021-01-18 20:38:23,-0.9131,122.8766,77.13,82,100,2.93
458,Sola,VU,2021-01-18 20:38:24,-13.8833,167.55,82.78,80,98,15.32
459,Fairbanks,US,2021-01-18 20:35:40,64.8378,-147.7164,37.4,48,90,10.36
460,Santa Fe,AR,2021-01-18 20:37:10,-31.6333,-60.7,91.99,19,0,1.01
461,Blagoveshchensk,RU,2021-01-18 20:38:24,50.2667,127.5333,-20.2,57,0,4.47
462,Vila Franca Do Campo,PT,2021-01-18 20:38:24,37.7167,-25.4333,61.0,88,20,16.11
463,Husavik,IS,2021-01-18 20:38:24,66.0449,-17.3389,32.0,93,90,23.02
464,Talnakh,RU,2021-01-18 20:38:25,69.4865,88.3972,-10.32,88,100,3.62
465,Shunyi,CN,2021-01-18 20:38:25,40.125,116.6453,19.0,67,90,6.71
466,San Francisco,US,2021-01-18 20:33:44,37.7749,-122.4194,80.6,21,1,4.61
467,Tateyama,JP,2021-01-18 20:38:25,34.9833,139.8667,46.4,49,20,24.16
468,Columbia,US,2021-01-18 20:36:15,34.0007,-81.0348,55.99,26,1,12.66
469,Jiwani,PK,2021-01-18 20:38:25,25.05,61.7417,71.74,80,0,7.85
470,Birsk,RU,2021-01-18 20:38:26,55.4211,55.5428,-6.83,89,100,6.73
471,Saint-Joseph,RE,2021-01-18 20:38:26,-21.3667,55.6167,80.6,83,0,3.44
472,Dickinson,US,2021-01-18 20:38:27,29.4608,-95.0513,68.0,59,75,14.97
473,Sarangani,PH,2021-01-18 20:38:27,5.4033,125.4636,81.07,80,100,10.78
474,Usta Muhammad,PK,2021-01-18 20:35:14,28.1794,68.0445,53.73,37,0,4.16
475,Pimentel,PE,2021-01-18 20:38:27,-6.8367,-79.9342,78.8,57,0,18.41
476,Kuchinarai,TH,2021-01-18 20:38:27,16.541,104.05,53.71,62,0,10.09
477,Sidrolandia,BR,2021-01-18 20:38:27,-20.9319,-54.9614,73.4,88,75,6.91
478,Vallenar,CL,2021-01-18 20:38:28,-28.5708,-70.7581,83.28,27,0,9.57
479,Santa Catarina De Tepehuanes,MX,2021-01-18 20:38:28,25.35,-105.7333,70.54,20,0,18.79
480,Sept-Iles,CA,2021-01-18 20:38:00,50.2001,-66.3821,26.01,74,100,14.97
481,Touros,BR,2021-01-18 20:38:28,-5.1989,-35.4608,82.4,65,20,16.11
482,Darasun,RU,2021-01-18 20:38:28,51.6667,114.0,-20.2,76,59,2.24
483,Demyansk,RU,2021-01-18 20:38:29,57.643,32.466,8.06,95,93,3.15
484,Maumere,ID,2021-01-18 20:38:29,-8.6199,122.2111,78.49,78,100,6.13
485,San Andres,CO,2021-01-18 20:34:40,12.5847,-81.7006,84.2,65,40,16.11
486,Ayagoz,KZ,2021-01-18 20:36:23,47.9714,80.4392,19.54,78,100,0.98
487,Naze,JP,2021-01-18 20:38:29,28.3667,129.4833,53.4,70,50,14.65
488,Hofn,IS,2021-01-18 20:38:29,64.2539,-15.2082,37.4,65,75,24.16
489,Banes,CU,2021-01-18 20:38:30,20.9625,-75.7186,82.4,61,75,13.8
490,Lithakia,GR,2021-01-18 20:38:30,37.7167,20.8333,41.0,75,40,8.88
491,Talcahuano,CL,2021-01-18 20:38:30,-36.7167,-73.1167,77.0,50,0,17.27
492,Manali,IN,2021-01-18 20:38:30,13.1667,80.2667,75.2,88,20,2.3
493,Quang Ngai,VN,2021-01-18 20:38:30,15.1167,108.8,62.06,86,90,6.93
494,Mosquera,CO,2021-01-18 20:38:31,4.7059,-74.2302,64.4,59,20,11.5
495,Assiniboia,CA,2021-01-18 20:35:03,49.6334,-105.9845,26.6,86,100,17.27
496,Vikindu,TZ,2021-01-18 20:38:31,-7.0067,39.2985,80.6,83,40,17.27
497,Laje,BR,2021-01-18 20:38:31,-10.1833,-40.9667,80.33,41,0,6.53
498,Tautira,PF,2021-01-18 20:38:32,-17.7333,-149.15,87.8,62,40,4.61
499,Anzio,IT,2021-01-18 20:38:32,41.4853,12.6179,45.0,87,0,6.91
500,Kapit,MY,2021-01-18 20:38:32,2.0167,112.9333,72.86,94,100,0.92
501,Itinga,BR,2021-01-18 20:38:32,-16.6131,-41.7653,80.56,52,0,4.63
502,Kailaras,IN,2021-01-18 20:38:33,26.3167,77.6167,54.01,64,0,4.05
503,Kulu,TR,2021-01-18 20:38:33,39.0951,33.0799,22.12,80,0,5.91
504,Sinnamary,GF,2021-01-18 20:38:34,5.3833,-52.95,79.34,78,95,12.57
505,Torbat-E Jam,IR,2021-01-18 20:38:34,35.244,60.6225,45.95,54,0,3.36
506,San Rafael,AR,2021-01-18 20:38:34,-34.6177,-68.3301,91.4,14,0,16.28
507,Fare,PF,2021-01-18 20:38:34,-16.7,-151.0167,80.76,77,0,15.97
508,Dulce Grande,MX,2021-01-18 20:38:34,23.0,-102.1667,73.81,16,1,13.96
509,Gainesville,US,2021-01-18 20:37:24,29.6516,-82.3248,63.0,25,1,10.36
510,Opuwo,NA,2021-01-18 20:38:35,-18.0607,13.84,71.33,49,100,6.51
511,East Wenatchee,US,2021-01-18 20:38:35,47.4157,-120.2931,45.0,66,3,1.59
512,Moose Factory,CA,2021-01-18 20:38:35,51.2585,-80.6094,8.6,72,90,8.05
513,Atyrau,KZ,2021-01-18 20:38:35,47.1167,51.8833,23.0,100,90,15.66
514,Halifax,CA,2021-01-18 20:38:35,44.6453,-63.5724,39.99,81,40,12.66
515,Ushumun,RU,2021-01-18 20:38:35,52.7833,126.5333,-31.47,83,0,2.73
516,Gamba,GA,2021-01-18 20:38:36,-2.65,10.0,78.85,81,100,4.83
517,Kenora,CA,2021-01-18 20:38:36,49.8167,-94.4337,1.4,85,75,8.05
518,Bontang,ID,2021-01-18 20:38:36,0.1333,117.5,78.48,86,100,7.96
519,Lukulu,ZM,2021-01-18 20:38:36,-14.3707,23.242,68.77,92,100,3.91
520,Hue,VN,2021-01-18 20:38:36,16.4667,107.6,59.0,94,75,3.44
521,Pangkalanbuun,ID,2021-01-18 20:38:37,-2.6833,111.6167,73.94,97,100,1.97
522,Yarega,RU,2021-01-18 20:38:37,63.4354,53.5765,-16.19,89,1,4.81
523,Nicoya,CR,2021-01-18 20:34:07,10.1483,-85.452,89.6,51,20,16.11
524,Eldama Ravine,KE,2021-01-18 20:38:37,0.0516,35.7308,58.69,75,99,2.39
525,San Quintin,MX,2021-01-18 20:37:51,30.4833,-115.95,68.49,48,0,14.18
526,Pangnirtung,CA,2021-01-18 20:38:38,66.1451,-65.7125,14.0,62,90,18.41
527,Bay Roberts,CA,2021-01-18 20:38:38,47.5999,-53.2648,39.0,87,68,1.01
528,Najran,SA,2021-01-18 20:38:38,17.4924,44.1277,62.6,31,0,0.6
529,Novikovo,RU,2021-01-18 20:38:38,51.1537,37.8879,1.65,93,97,3.47
530,Zhenjiang,CN,2021-01-18 20:38:38,32.2092,119.4342,37.0,75,0,1.01
531,Hanyang,CN,2021-01-18 20:38:38,32.1371,105.5126,32.29,94,0,2.46
532,Morant Bay,JM,2021-01-18 20:38:39,17.8815,-76.4093,86.0,58,20,3.44
533,Zaqatala,AZ,2021-01-18 20:38:39,41.6336,46.6433,44.6,81,90,9.22
534,Ulladulla,AU,2021-01-18 20:38:39,-35.35,150.4667,68.0,88,40,6.91
535,Kirkland Lake,CA,2021-01-18 20:38:39,48.1446,-80.0377,12.2,67,92,3.24
536,Eyl,SO,2021-01-18 20:38:39,7.9803,49.8164,75.15,51,94,17.31
537,Igarka,RU,2021-01-18 20:38:39,67.4667,86.5833,-10.46,89,100,10.13
538,Cabatuan,PH,2021-01-18 20:38:41,10.8794,122.486,72.05,93,100,14.52
539,Pandan,PH,2021-01-18 20:38:41,14.0453,124.1694,78.15,86,100,13.13
540,Carpinteria,US,2021-01-18 20:38:41,34.3989,-119.5185,75.0,28,17,1.01
541,Sawakin,SD,2021-01-18 20:38:41,19.1059,37.3321,71.62,68,0,14.79
542,Ca Mau,VN,2021-01-18 20:38:41,9.1769,105.15,69.89,85,100,2.68
543,Korla,CN,2021-01-18 20:38:41,41.7597,86.1469,16.56,83,70,1.68
544,Bachaquero,VE,2021-01-18 20:38:42,9.9694,-71.1494,84.61,61,74,6.87
545,Hualmay,PE,2021-01-18 20:38:42,-11.0964,-77.6139,74.57,71,95,9.55
546,Kathu,TH,2021-01-18 20:38:42,7.9178,98.3332,82.99,73,20,6.91
547,Nishihara,JP,2021-01-18 20:38:42,26.1842,127.7558,55.4,62,20,10.36
548,Kiunga,PG,2021-01-18 20:38:42,-6.1219,141.2906,73.63,99,100,2.28
549,Virginia Beach,US,2021-01-18 20:33:49,36.8529,-75.978,48.99,44,51,3.0
